{"cameraMode":{"drawMode":0,"name":"Shaded","section":"Shading Mode"},"sceneLighting":false,"audioPlay":false,"sceneViewState":{"showFog":true,"showMaterialUpdate":false,"showSkybox":false,"showFlares":true,"showImageEffects":true,"showParticleSystems":true},"in2DMode":false,"pivot":{"x":-0.003893136978149414,"y":2.022763729095459,"z":-10.412114143371582},"rotation":{"x":-0.11969979852437973,"y":-0.015481137670576573,"z":0.0018568650120869279,"w":-0.9927000403404236},"size":7.912866592407227,"orthographic":false}