{"cameraMode":{"drawMode":0,"name":"Shaded","section":"Shading Mode"},"sceneLighting":false,"audioPlay":false,"sceneViewState":{"showFog":true,"showMaterialUpdate":false,"showSkybox":false,"showFlares":true,"showImageEffects":true,"showParticleSystems":true},"in2DMode":false,"pivot":{"x":-8.226448059082032,"y":0.15235137939453126,"z":39.150550842285159},"rotation":{"x":-0.1755542904138565,"y":-0.6365295648574829,"z":0.1519356220960617,"w":-0.735478401184082},"size":203.0023193359375,"orthographic":false}