{"cameraMode":{"drawMode":0,"name":"Shaded","section":"Shading Mode"},"sceneLighting":true,"audioPlay":false,"sceneViewState":{"showFog":true,"showMaterialUpdate":false,"showSkybox":true,"showFlares":true,"showImageEffects":true,"showParticleSystems":true},"in2DMode":false,"pivot":{"x":26.203889846801759,"y":-10.380048751831055,"z":4.230339050292969},"rotation":{"x":-0.1755542904138565,"y":-0.6365295648574829,"z":0.1519356220960617,"w":-0.735478401184082},"size":64.75931549072266,"orthographic":false}