{"cameraMode":{"drawMode":0,"name":"Shaded","section":"Shading Mode"},"sceneLighting":false,"audioPlay":false,"sceneViewState":{"showFog":true,"showMaterialUpdate":false,"showSkybox":false,"showFlares":true,"showImageEffects":true,"showParticleSystems":true},"in2DMode":false,"pivot":{"x":4.618701934814453,"y":2.5931057929992677,"z":5.916249752044678},"rotation":{"x":-0.1755542904138565,"y":-0.6365295648574829,"z":0.1519356220960617,"w":-0.735478401184082},"size":10.17749309539795,"orthographic":false}